longName,exchange,shortName,longName,exchangeTimezoneName,exchangeTimezoneShortName,isEsgPopulated,gmtOffSetMilliseconds,quoteType,symbol,market,annualHoldingsTurnover,beta3Year,morningStarRiskRating,fundInceptionDate,annualReportExpenseRatio,totalAssets,yield,priceHint,morningStarOverallRating,ytdReturn,maxAge,address1,address2,address3,longBusinessSummary,companyOfficers,previousClose,twoHundredDayAverage,averageDailyVolume10Day,regularMarketPreviousClose,fiftyDayAverage,averageVolume10days,currency,averageVolume,fiftyTwoWeekHigh,fiftyTwoWeekLow,tradeable,regularMarketPrice
Aditya Birla Sun Life Corporate Bond Fund Growth Direct Plan,BSE,Aditya Birla Sun Life Corporate,Aditya Birla Sun Life Corporate Bond Fund Growth Direct Plan,Asia/Kolkata,IST,False,19800000,MUTUALFUND,0P0000XVXX.BO,in_market,4.717,0.96,2,1356998400,0.0027,2256856064.0,0,2,5,0.0214,1,Aditya Birla Sun Life AMC Ltd,"One India Bulls Centre ,Tower 1, 17th Flr,","Jupiter Mill Compound,841,S.B. Marg,",The investment objective of the scheme is to generate optimal returns with high liquidity through active management of the portfolio by investing in High Quality Debt and Money Market Instruments.,[],88.3965,87.05981,0.0,88.3965,88.13761,0.0,INR,0.0,86.6776,77.0866,False,88.4633
Aditya Birla Sun Life Government Securities Fund Growth Instant Gain Direct Plan,BSE,Aditya Birla Sun Life Governmen,Aditya Birla Sun Life Government Securities Fund Growth Instant Gain Direct Plan,Asia/Kolkata,IST,False,19800000,MUTUALFUND,0P0001BNS5.BO,in_market,13.1504,1.55,4,1356998400,0.0057,734990976.0,0,2,5,0.0109,1,Aditya Birla Sun Life AMC Ltd,"One India Bulls Centre ,Tower 1, 17th Flr,","Jupiter Mill Compound,841,S.B. Marg,",An Open - ended government securities scheme with the objective to generate income and capital appreciation through investments exclusively in Government Securities.,[],67.2629,66.40661,,67.2629,67.29108,,INR,,,,False,67.3372
Aditya Birla Sun Life Income Fund Growth Direct Plan,BSE,Aditya Birla Sun Life Income Fu,Aditya Birla Sun Life Income Fund Growth Direct Plan,Asia/Kolkata,IST,False,19800000,MUTUALFUND,0P0000XVX0.BO,in_market,19.5812,1.22,4,1356998400,0.008,16024178688.0,0,2,5,0.0153,1,Aditya Birla Sun Life AMC Ltd,"One India Bulls Centre ,Tower 1, 17th Flr,","Jupiter Mill Compound,841,S.B. Marg,",An Open-ended Income Scheme to generate consistent income through superior yields on its investments at moderate levels of risk through a diversified investment approach. This income may be complemented by price changes of instruments in the portfolio.,[],105.314,103.827965,0.0,105.314,105.234116,0.0,INR,0.0,104.061,91.1172,False,105.451
Aditya Birla Sun Life Regular Savings Fund Direct Plan Growth,BSE,Aditya Birla Sun Life Reg Savin,Aditya Birla Sun Life Regular Savings Fund Direct Plan Growth,Asia/Kolkata,IST,False,19800000,MUTUALFUND,0P0000XVXP.BO,in_market,3.9256,1.25,5,1356998400,0.0094,1473870976.0,0,2,5,0.089700006,1,Aditya Birla Sun Life AMC Ltd,"One India Bulls Centre ,Tower 1, 17th Flr,","Jupiter Mill Compound,841,S.B. Marg,",An Open-ended income scheme with the objective to generate regular income so as to make monthly payment or distribution to unit holders with the secondary objective being growth of capital. Monthly Income is not assured and is subject to availability of distributable surplus.,[],51.7211,49.83116,0.0,51.7211,51.233757,0.0,INR,0.0,49.517,37.318,False,51.7244
Axis Bluechip Fund Direct Plan Growth,BSE,Axis Bluechip Fund Direct Plan ,Axis Bluechip Fund Direct Plan Growth,Asia/Kolkata,IST,False,19800000,MUTUALFUND,0P0000XVTL.BO,in_market,1.4238,0.84,2,1356998400,0.009,,0,2,5,0.109799996,1,Axis Asset Management Company Ltd.,"Axis House, 1st Floor, C-2, Wadia International Ce","Pandurang Budhkar Marg, Worli,","To achieve long term capital appreciation by investing in a diversified portfolio predominantly consisting of equity and equity related securities of Large Cap
companies including derivatives. However, there can be no assurance that the investment objective of the Scheme will be achieved.",[],46.88,43.855408,0.0,46.88,46.18457,0.0,INR,0.0,44.92,25.54,False,46.92
Axis Dynamic Bond Fund Direct Plan Growth Option,BSE,Axis Dynamic Bond Fund Direct P,Axis Dynamic Bond Fund Direct Plan Growth Option,Asia/Kolkata,IST,False,19800000,MUTUALFUND,0P0000XVTE.BO,in_market,13.516899,0.88,2,1356998400,0.0063,,0,2,5,0.014099999,1,Axis Asset Management Company Ltd.,"Axis House, 1st Floor, C-2, Wadia International Ce","Pandurang Budhkar Marg, Worli,",To generate optimal returns while maintaining liquidity through active management of a portfolio of debt and money market instruments.,[],25.2546,24.930326,0.0,25.2546,25.310986,0.0,INR,0.0,24.9812,22.0474,False,25.276
Axis Equity Saver Fund Direct Plan Growth,BSE,Axis Equity Saver Fund Direct P,Axis Equity Saver Fund Direct Plan Growth,Asia/Kolkata,IST,False,19800000,MUTUALFUND,0P00016KOT.BO,in_market,4.5838,,4,1439510400,0.0166,,0,2,5,0.0706,1,Axis Asset Management Company Ltd.,"Axis House, 1st Floor, C-2, Wadia International Ce","Pandurang Budhkar Marg, Worli,","The investment objective of the scheme is to provide capital appreciation and income distribution to the investors by using equity and equity related instruments, arbitrage opportunities, and investments in debt and money market instruments. However, there is no assurance or guarantee that the investment objective of the Scheme will be achieved.",[],17.15,16.459703,0.0,17.15,16.95,0.0,INR,0.0,16.58,11.97,False,17.16
Axis Liquid Fund Direct Plan Growth Option,BSE,Axis Liquid Fund Direct Plan Gr,Axis Liquid Fund Direct Plan Growth Option,Asia/Kolkata,IST,False,19800000,MUTUALFUND,0P0000XVUB.BO,in_market,7.7319,0.83,0,1356998400,0.00090000004,11771773952.0,0,2,0,0.0174,1,Axis Asset Management Company Ltd.,"Axis House, 1st Floor, C-2, Wadia International Ce","Pandurang Budhkar Marg, Worli,",To provide a high level of liquidity with reasonable returns commensurating with low risk through a portfolio of money market and debt securities. However there can be no assurance that the investment objective of the scheme will be achieved.,[],2306.58,2286.3699,0.0,2306.58,2301.7175,0.0,INR,0.0,2277.15,2189.98,False,2306.77
Axis Long Term Equity Fund Direct Plan Growth Option,BSE,Axis Long Term Equity Fund Dire,Axis Long Term Equity Fund Direct Plan Growth Option,Asia/Kolkata,IST,False,19800000,MUTUALFUND,0P0000XVU7.BO,in_market,1.1029,0.94,2,1356998400,0.011,,0,2,5,0.1475,1,Axis Asset Management Company Ltd.,"Axis House, 1st Floor, C-2, Wadia International Ce","Pandurang Budhkar Marg, Worli,","To generate income and long-term capital appreciation from a diversified portfolio of predominantly equity and equity-related securities. However, there can be no assurance that the investment objective of the Scheme will be achieved.",[],74.2924,68.347435,0.0,74.2924,72.72113,0.0,INR,0.0,69.3997,37.6463,False,74.3636
Axis Midcap Fund Direct Plan Growth,BSE,Axis Midcap Fund Direct Plan Gr,Axis Midcap Fund Direct Plan Growth,Asia/Kolkata,IST,False,19800000,MUTUALFUND,0P0000XVUH.BO,in_market,0.6369,0.72,1,1356998400,0.0116,,0,2,5,0.25959998,1,Axis Asset Management Company Ltd.,"Axis House, 1st Floor, C-2, Wadia International Ce","Pandurang Budhkar Marg, Worli,",To achieve long term capital appreciation by investing predominantly in equity & equity related instruments of Mid Cap companies.,[],69.71,61.509853,0.0,69.71,67.108,0.0,INR,0.0,60.04,32.91,False,69.7
Axis Short Term Fund Direct Plan Growth Option,BSE,Axis Short Term Fund Direct Pla,Axis Short Term Fund Direct Plan Growth Option,Asia/Kolkata,IST,False,19800000,MUTUALFUND,0P0000XVUL.BO,in_market,4.6,0.98,2,1356998400,0.0028,,0,2,5,0.02,1,Axis Asset Management Company Ltd.,"Axis House, 1st Floor, C-2, Wadia International Ce","Pandurang Budhkar Marg, Worli,","To generate stable returns with a low risk strategy while maintaining liquidity through a portfolio comprising of debt and money market instruments. However, there can be no assurance that the investment objective of the scheme will be achieved.",[],25.8331,25.495565,0.0,25.8331,25.768717,0.0,INR,0.0,25.3863,22.7282,False,25.8509
Axis Strategic Bond Fund Direct Plan Growth Option,BSE,Axis Strategic Bond Fund Direct,Axis Strategic Bond Fund Direct Plan Growth Option,Asia/Kolkata,IST,False,19800000,MUTUALFUND,0P0000XVTZ.BO,in_market,2.3343,1.25,3,1356998400,0.0043,,0,2,5,0.0295,1,Axis Asset Management Company Ltd.,"Axis House, 1st Floor, C-2, Wadia International Ce","Pandurang Budhkar Marg, Worli,",To generate optimal returns in the medium term while maintaining liquidity of the portfolio by investing in debt and money market instruments.,[],23.047,22.651575,0.0,23.047,22.9838,0.0,INR,0.0,22.4562,20.2315,False,23.0604
Axis Treasury Advantage Fund Direct Plan Growth Option,BSE,Axis Treasury Advantage Fund Di,Axis Treasury Advantage Fund Direct Plan Growth Option,Asia/Kolkata,IST,False,19800000,MUTUALFUND,0P0000XVUV.BO,in_market,4.6746,1.51,2,1356998400,0.0025,2231470080.0,0,2,5,0.0221,1,Axis Asset Management Company Ltd.,"Axis House, 1st Floor, C-2, Wadia International Ce","Pandurang Budhkar Marg, Worli,","To provide optimal returns and liquidity to the investors by investing primarily in a mix of money market and short term debt instruments which results in a portfolio having marginally higher maturity as compared to a liquid fund at the same time maintaining a balance between safety and liquidity. However, there can be no assurance that the investment objective of the Scheme will be achieved.",[],2516.31,2486.0989,0.0,2516.31,2509.151,0.0,INR,0.0,2469.36,2284.38,False,2517.17
Baroda Conservative Hybrid Fund Plan B (Direct) Growth Option,BSE,Baroda Conservative Hybrid Fund,Baroda Conservative Hybrid Fund Plan B (Direct) Growth Option,Asia/Kolkata,IST,False,19800000,MUTUALFUND,0P0000XVVB.BO,in_market,0.6308,1.03,2,1356998400,0.013300001,543000.0,0,2,5,0.0278,1,Baroda Pioneer Asset Management Company Limited,"501 TITANIUM, 5TH Floor,","Western Express Highway,",To generate regular income through investment in debt and money market instruments and also to generate long term capital appreciation by investing a portion in equity and equity related instruments.,[],32.0474,31.389734,0.0,32.0474,31.816925,0.0,INR,0.0,31.4403,26.5298,False,32.0942
Baroda Short Term Bond Fund - Plan B (Direct) - Growth Option,BSE,Baroda Short Term Bond Fund Pla,Baroda Short Term Bond Fund - Plan B (Direct) - Growth Option,Asia/Kolkata,IST,False,19800000,MUTUALFUND,0P0000XWB3.BO,in_market,1.1269001,0.62,1,1356998400,0.0061000003,,0,2,5,0.024500001,1,Baroda Pioneer Asset Management Company Limited,"501 TITANIUM, 5TH Floor,","Western Express Highway,",The objective of the Scheme is to generate income from a portfolio constituted of short term debt and money market securities.,[],24.5051,24.157387,0.0,24.5051,24.440758,0.0,INR,0.0,23.9888,22.1342,False,24.5292
BNP Paribas Conservative Hybrid Fund Direct Plan Growth Option,BSE,BNP Paribas Conservative Hybrid,BNP Paribas Conservative Hybrid Fund Direct Plan Growth Option,Asia/Kolkata,IST,False,19800000,MUTUALFUND,0P0000XVZ1.BO,in_market,6.0522,0.88,2,1356998400,0.0074,1698556032.0,0,2,5,0.048899997,1,BNP Paribas Asset Management India Private Limited,"BNP Paribas House, 1, North Avenue, Maker Maxity,","Bandra Kurla Complex, Bandra (E)","The primary objective of the Scheme is to generate regular returns through investment primarily in Debt and Money Market Instruments. The secondary objective of the Scheme is to generate long-term capital appreciation by investing a portion of the Schemeâs assets in equity and equity related securities. However, there can be no assurance that the investment objective of the Scheme will be achieved. The Scheme does not guarantee / indicate any returns.",[],38.9597,37.886623,0.0,38.9597,38.627796,0.0,INR,0.0,37.8822,31.4491,False,38.9565
BNP Paribas Substantial Equity Hybrid Direct Growth,BSE,BNP Paribas Substantial Equity ,BNP Paribas Substantial Equity Hybrid Direct Growth,Asia/Kolkata,IST,False,19800000,MUTUALFUND,0P00019ZBR.BO,in_market,2.3481,,0,1491523200,0.0124,,0,2,0,0.1924,1,BNP Paribas Asset Management India Private Limited,"BNP Paribas House, 1, North Avenue, Maker Maxity,","Bandra Kurla Complex, Bandra (E)","The Scheme seeks to generate income and capital appreciation by investing in a diversified portfolio of equity and equity related instruments and fixed income instruments. However, there can be no assurance that the investment objectives of the Scheme will be realized. The Scheme does not guarantee/indicate any returns",[],18.9861,17.321093,,18.9861,18.521112,,INR,,,,False,18.9882
BOI AXA Tax Advantage Fund-Direct Plan- Growth,BSE,BOI AXA Tax Advantage Fund Dire,BOI AXA Tax Advantage Fund-Direct Plan- Growth,Asia/Kolkata,IST,False,19800000,MUTUALFUND,0P0000XVZR.BO,in_market,0.8033,1.14,5,1356998400,0.018099999,,0,2,4,0.2867,1,BOI AXA Investment Managers Private Limited,"B/204, Tower 1, Peninsula Corporate Park,","Ganpatrao Kadam Marg,",The Scheme seeks to generate long-term capital growth from a diversified portfolio of predominantly equity and equity-related securities across all market capitalisations. The Scheme is in the nature of diversified multi-cap fund. The Scheme is not providing any assured or guaranteed returns.(There can be no assurance that the investment objectives of the Scheme will be realized.),[],104.38,90.43933,0.0,104.38,99.555145,0.0,INR,0.0,88.37,45.13,False,104.84
Canara Robeco Bluechip Equity Fund Direct Plan Growth,BSE,Canara Robeco Bluechip Equity F,Canara Robeco Bluechip Equity Fund Direct Plan Growth,Asia/Kolkata,IST,False,19800000,MUTUALFUND,0P0000XW0O.BO,in_market,0.943,0.92,3,1356998400,0.0172,,0,2,5,0.158,1,Canara Robeco Asset Management Company Limited,"Construction House, 4th Floor,","5 Walchand Hirachand Marg, Ballard Estate,","The Investment Objective of the fund is to provide capital appreciation by predominantly investing in companies having a large market capitalization. However, there can be no assurance that the investment objective of the scheme will be realized.",[],42.25,39.154816,0.0,42.25,41.46057,0.0,INR,0.0,39.94,20.65,False,42.26
Canara Robeco Emerging Equities-Direct Plan-Growth Option,BSE,Canara Robeco Emerging Equities,Canara Robeco Emerging Equities-Direct Plan-Growth Option,Asia/Kolkata,IST,False,19800000,MUTUALFUND,0P0000XW00.BO,in_market,0.8596,1.1,5,1356998400,0.0093,79437000.0,0,2,5,0.2401,1,Canara Robeco Asset Management Company Limited,"Construction House, 4th Floor,","5 Walchand Hirachand Marg, Ballard Estate,","To generate capital appreciation by investing in a diversified portfolio of large and mid-cap stocks. However, there can be no assurance that the investment objective of the scheme will be realized.",[],162.71,145.0343,0.0,162.71,157.36885,0.0,INR,0.0,144.83,72.42,False,163.44
Canara Robeco Equity Taxsaver - Direct Plan - Growth Option,BSE,Canara Robeco Equity Taxsaver D,Canara Robeco Equity Taxsaver - Direct Plan - Growth Option,Asia/Kolkata,IST,False,19800000,MUTUALFUND,0P0000XW04.BO,in_market,1.9039999,0.98,3,1356998400,0.0150999995,166191008.0,0,2,4,0.22790001,1,Canara Robeco Asset Management Company Limited,"Construction House, 4th Floor,","5 Walchand Hirachand Marg, Ballard Estate,","(ELSS Scheme) Seeking to provide long term capital appreciation by predominantly investing in equities and to facilitate the subscribers to seek tax benefits as provided under Section 80 C of the Income Tax Act, 1961. However, there can be no assurance that the investment objective of the scheme will be realized.",[],113.47,102.57645,0.0,113.47,110.19428,0.0,INR,0.0,104.9,50.86,False,113.63
DSP Tax Saver Fund - Direct Plan - Growth,BSE,DSP Tax Saver Fund Direct Plan ,DSP Tax Saver Fund - Direct Plan - Growth,Asia/Kolkata,IST,False,19800000,MUTUALFUND,0P0000XW2T.BO,in_market,1.1512,1.04,3,1356998400,0.0077,2429554944.0,0,2,5,0.283,1,DSP BlackRock Investment Managers Private Limited,"Mafatlal Centre, 10th Floor,",Nariman Point,"The primary investment objective of the Scheme is to seek to generate medium to long-term capital appreciation from a diversified portfolio that is substantially constituted of equity and equity related securities of corporates, and to enable investors to avail of a deduction from total income, as permitted under the Income Tax Act, 1961 from time to time.",[],81.343,71.885445,0.0,81.343,78.6266,0.0,INR,0.0,70.695,35.155,False,81.416
Edelweiss Balanced Advantage Fund -Direct Plan-Growth,BSE,Edelweiss Balanced Advantage Fu,Edelweiss Balanced Advantage Fund -Direct Plan-Growth,Asia/Kolkata,IST,False,19800000,MUTUALFUND,0P0000XYE4.BO,in_market,3.4928,,3,1358812800,0.0115,,0,2,4,0.1245,1,"Edelweiss House, Off. C.S.T Road, Kalina, Mumbai 400 098",,,"The primary objective of the Scheme will be to generate absolute returns with low volatility over a longer tenure of time. The Scheme will accordingly invest in arbitrage opportunities and debt and money market instruments on the one hand and in pure equity investments and equity derivative strategies on the other. However, there is no assurance that the investment objective of the Scheme will be realized.",[],36.58,34.467556,0.0,36.58,35.99743,0.0,INR,0.0,34.74,22.51,False,36.59
Edelweiss Banking and PSU Debt Fund Direct Growth,BSE,Edelweiss Banking and PSU Debt ,Edelweiss Banking and PSU Debt Fund Direct Growth,Asia/Kolkata,IST,False,19800000,MUTUALFUND,0P0000ZK6O.BO,in_market,4.14,1.32,3,1379030400,0.0029,,0,2,5,0.0163,1,JPMorgan Asset Management India Pvt. Ltd.,"J.P.Morgan Tower,","Off C.S.T. Road, Kalina,","The investment objective of the Scheme is to generate returns commensurate with risks of investing in a portfolio of Debt Securities and Money Market Instruments issued by Banks, Public Sector Undertakings, Public Financial Institutions, entities majorly owned by Central and State Governments and Municipal Bonds. However, there can be no assurance that the investment objective of the scheme will be realized.",[],19.8081,19.519213,0.0,19.8081,19.8194,0.0,INR,0.0,19.553,17.1781,False,19.8299
Edelweiss Government Securities Fund Direct Growth,BSE,Edelweiss Government Securities,Edelweiss Government Securities Fund Direct Growth,Asia/Kolkata,IST,False,19800000,MUTUALFUND,0P000123Q6.BO,in_market,24.58,0.84,1,1392249600,0.0093,,0,2,4,0.0233,1,JPMorgan Asset Management India Pvt. Ltd.,"J.P.Morgan Tower,","Off C.S.T. Road, Kalina,","The investment objective of the Scheme is to generate income through investment in Securities of various maturities issued and/or created by the Central Government and State Governments of India. However, there can be no assurance that the investment objectives of the Scheme will be realized.",[],20.0917,19.761948,0.0,20.0917,20.048824,0.0,INR,0.0,19.7183,17.5488,False,20.0504
Essel Liquid Fund Direct Plan Growth Option,BSE,Navi Liquid Fund Direct Plan Gr,Essel Liquid Fund Direct Plan Growth Option,Asia/Kolkata,IST,False,19800000,MUTUALFUND,0P0000XVB1.BO,in_market,19.6696,0.76,0,1356998400,0.00059999997,,0,2,0,0.0168,1,Peerless Funds Management Co. Ltd.,"H.O. 3rd Floor,","1, Chowringhee Square,","To provide a high level of liquidity with reasonable returns commensurate with low risk through a portfolio of money market and debt securities. However, there can be no assurance or guarantee that the investment objective of the scheme(s) will be achieved. The Scheme(s) does not assure or guarantee any returns.",[],2269.21,2250.391,0.0,2269.21,2264.8965,0.0,INR,0.0,2241.45,2167.67,False,2269.4
Franklin Build India Fund - Direct - Growth,BSE,Franklin Build India Fund Direc,Franklin Build India Fund - Direct - Growth,Asia/Kolkata,IST,False,19800000,MUTUALFUND,0P0000XW55.BO,in_market,0.3005,1.12,1,1356998400,0.0097,1742057216.0,0,2,5,0.3407,1,Franklin Templeton Asset Management (India) Private Limited,"Indiabulls Finance Centre; Tower 2, 12th and 13th",Senapati Bapat Marg;,The Scheme seeks to achieve capital appreciation through investments in companies engaged either directly or indirectly in infrastructure-related activities.,[],65.3274,56.803326,0.0,65.3274,63.0623,0.0,INR,0.0,57.0941,27.6988,False,65.2216
HDFC Balanced Adv Direct Plan Growth Option,BSE,HDFC Balanced Advantage Fund Di,HDFC Balanced Adv Direct Plan Growth Option,Asia/Kolkata,IST,True,19800000,MUTUALFUND,0P0001EI12.BO,in_market,0.1846,,5,1356998400,0.0106,,0,2,3,0.1649,1,HDFC Asset Management Company Limited,"âHUL Houseâ, 2nd Floor,","H.T. Parekh Marg,165-166, Backbay Reclamation,",To provide long term capital appreciation / income from a dynamic mix of equity and debt investments. There is no assurance that the investment objective of the Scheme will be realized,[],271.037,254.25092,,271.037,272.302,,INR,,,,False,270.321
HDFC Corporate Bond Fund -Direct Plan - Growth Option,BSE,HDFC Corporate Bond Fund -Direc,HDFC Corporate Bond Fund -Direct Plan - Growth Option,Asia/Kolkata,IST,False,19800000,MUTUALFUND,0P0000XW8D.BO,in_market,1.2589,1.25,2,1356998400,0.0034,,0,2,5,0.0146,1,HDFC Asset Management Company Limited,"âHUL Houseâ, 2nd Floor,","H.T. Parekh Marg,165-166, Backbay Reclamation,",To generate income/capital appreciation through investments predominantly in AA+ and above rated corporate bonds. There is no assurance that the investment objective of the Scheme will be realized.,[],25.586,25.286364,0.0,25.586,25.590857,0.0,INR,0.0,25.2564,22.42,False,25.5851
HDFC Credit Risk Debt Fund Direct Plan Growth Option,BSE,HDFC Credit Risk Debt Fund Dire,HDFC Credit Risk Debt Fund Direct Plan Growth Option,Asia/Kolkata,IST,False,19800000,MUTUALFUND,0P00012K1G.BO,in_market,0.7618,1.17,2,1395705600,0.0095999995,,0,2,5,0.0348,1,HDFC Asset Management Company Limited,"âHUL Houseâ, 2nd Floor,","H.T. Parekh Marg,165-166, Backbay Reclamation,","To generate income/capital appreciation by investing predominantly in AA and below rated corporate debt. There is no assurance that the investment
objective of the Scheme will be realized.",[],19.6718,19.292078,0.0,19.6718,19.685057,0.0,INR,0.0,19.0237,17.0096,False,19.6771
HDFC Equity Savings Fund -Direct Plan - Growth Option,BSE,HDFC Equity Savings Fund -Direc,HDFC Equity Savings Fund -Direct Plan - Growth Option,Asia/Kolkata,IST,True,19800000,MUTUALFUND,0P0000XW8Q.BO,in_market,0.35950002,,4,1356998400,0.0052,354848079872.0,0,2,5,0.0945,1,HDFC Asset Management Company Limited,"âHUL Houseâ, 2nd Floor,","H.T. Parekh Marg,165-166, Backbay Reclamation,","To provide capital appreciation by investing in Equity & equity related instruments, Arbitrage opportunities, and Debt & money market instruments.
There is no assurance that the investment objective of the scheme will be realized.",[],49.014,46.78051,0.0,49.014,49.150913,0.0,INR,0.0,46.319,33.701,False,48.972
HDFC Hybrid Debt Direct Plan Growth Option,BSE,HDFC Hybrid Debt Direct Plan Gr,HDFC Hybrid Debt Direct Plan Growth Option,Asia/Kolkata,IST,False,19800000,MUTUALFUND,0P0000XW8G.BO,in_market,0.8714,1.31,4,1356998400,0.012999999,12725576704.0,0,2,4,0.0372,1,HDFC Asset Management Company Limited,"âHUL Houseâ, 2nd Floor,","H.T. Parekh Marg,165-166, Backbay Reclamation,","To generate income/capital appreciation by investing primarily in debt securities, money market instruments and moderate exposure to equities.
There is no assurance that the investment objective of the Scheme will be realized.",[],51.4226,56.811954,0.0,51.4226,58.960777,0.0,INR,0.0,55.4361,44.0087,False,51.7018
HDFC Short Term Debt Fund -Direct Plan - Growth Option,BSE,HDFC Short Term Debt Fund -Dire,HDFC Short Term Debt Fund -Direct Plan - Growth Option,Asia/Kolkata,IST,False,19800000,MUTUALFUND,0P0000XW8W.BO,in_market,0.7564,0.79,2,1356998400,0.0025,,0,2,5,0.0159,1,HDFC Asset Management Company Limited,"âHUL Houseâ, 2nd Floor,","H.T. Parekh Marg,165-166, Backbay Reclamation,","To generate income / capital appreciation through investments in Debt and Money Market Instruments.
There is no assurance that the investment objective of the Scheme will be realized.",[],25.3441,25.055025,0.0,25.3441,25.355518,0.0,INR,0.0,24.9621,22.2694,False,25.3474
ICICI Prudential All Seasons Bond Fund Direct Plan Growth,BSE,ICICI Prudential All Seasons Bo,ICICI Prudential All Seasons Bond Fund Direct Plan Growth,Asia/Kolkata,IST,False,19800000,MUTUALFUND,0P0000XUYA.BO,in_market,3.5015,0.85,3,1356998400,0.006,41331408896.0,0,2,5,0.0223,1,ICICI Prudential Asset Mgmt.Company Limited,"3rd Floor, Hallmark Business Plaza,","Sant Dyaneshwar Marg,","To generate income through investing in a range of debt and money market instruments of various duration while maintaining the optimum balance of yield, safety and liquidity. However, there can be no assurance or guarantee that the investment objective of the Scheme would be achieved.",[],29.7992,29.38817,0.0,29.7992,29.779179,0.0,INR,0.0,29.1411,26.1475,False,29.8019
ICICI Prudential Banking and Financial Services Fund Direct Plan Growth,BSE,ICICI Prudential Banking and Fi,ICICI Prudential Banking and Financial Services Fund Direct Plan Growth,Asia/Kolkata,IST,True,19800000,MUTUALFUND,0P0000XWA3.BO,in_market,0.734,0.97,4,1356998400,0.0113,9306804224.0,0,2,4,0.0794,1,ICICI Prudential Asset Mgmt.Company Limited,"3rd Floor, Hallmark Business Plaza,","Sant Dyaneshwar Marg,",To generate long-term capital appreciation to unit holders from a portfolio that is invested predominantly in equity and equity related securities of companies engaged in banking and financial services.,[],59.56,81.131035,0.0,59.56,88.17117,0.0,INR,0.0,77.63,39.94,False,61.8
ICICI Prudential Banking and PSU Debt Fund Direct Plan Growth,BSE,ICICI Prudential Banking and PS,ICICI Prudential Banking and PSU Debt Fund Direct Plan Growth,Asia/Kolkata,IST,False,19800000,MUTUALFUND,0P0000YF56.BO,in_market,2.6141,1.29,4,1363219200,0.0049,,0,2,5,0.0164,1,ICICI Prudential Asset Mgmt.Company Limited,"3rd Floor, Hallmark Business Plaza,","Sant Dyaneshwar Marg,","To generate income through predominantly investing in Debt instruments of banks, Public Sector Undertakings, Public Financial Institutions and Municipal Bonds while maintaining the optimum balance of yield, safety and liquidity. However, there can be no assurance or guarantee that the investment objective of the Scheme would be achieved.",[],26.0241,25.727478,0.0,26.0241,26.012976,0.0,INR,0.0,25.5732,23.0739,False,26.0282
ICICI Prudential Bluechip Fund Direct Plan Growth,BSE,ICICI Prudential Bluechip Fund ,ICICI Prudential Bluechip Fund Direct Plan Growth,Asia/Kolkata,IST,True,19800000,MUTUALFUND,0P0000XWAT.BO,in_market,0.8683,0.88,2,1356998400,0.0119,2144604032.0,0,2,4,0.118,1,ICICI Prudential Asset Mgmt.Company Limited,"3rd Floor, Hallmark Business Plaza,","Sant Dyaneshwar Marg,","To generate long term capital appreciation and income distribution to investors from a portfolio that is predominantly invested in equity and equity related securities of large cap companies. However, there can be no assurance or guarantee that the investment objective of the Scheme would be achieved.",[],61.96,58.727924,0.0,61.96,62.00941,0.0,INR,0.0,59.77,30.12,False,61.62
ICICI Prudential Constant Maturity Gilt Direct Growth,BSE,ICICI Prudential Constant Matur,ICICI Prudential Constant Maturity Gilt Direct Growth,Asia/Kolkata,IST,False,19800000,MUTUALFUND,0P000148GW.BO,in_market,6.0589004,0.83,3,1410480000,0.001,,0,2,4,0.008,1,ICICI Prudential Asset Mgmt.Company Limited,"3rd Floor, Hallmark Business Plaza,","Sant Dyaneshwar Marg,","To generate income primarily by investing in portfolio of Government Securities while maintaining constant maturity of the portfolio at 10 years. However, there can be no assurance or guarantee that the investment objective of the Scheme would be achieved.",[],19.5667,19.363663,0.0,19.5667,19.57055,0.0,INR,0.0,19.5388,17.4017,False,19.5644
ICICI Prudential Credit Risk Fund Direct Plan Growth,BSE,ICICI Prudential Credit Risk Fu,ICICI Prudential Credit Risk Fund Direct Plan Growth,Asia/Kolkata,IST,False,19800000,MUTUALFUND,0P0000XUYV.BO,in_market,0.5585,0.77,1,1356998400,0.0086,,0,2,5,0.0272,1,ICICI Prudential Asset Mgmt.Company Limited,"3rd Floor, Hallmark Business Plaza,","Sant Dyaneshwar Marg,","To generate income through investing predominantly in AA and below rated corporate bonds while maintaining the optimum balance of yield, safety and liquidity. However, there can be no assurance or guarantee that the investment objective of the Scheme would be achieved.",[],25.8845,25.406157,0.0,25.8845,25.89125,0.0,INR,0.0,25.0959,22.6771,False,25.886
ICICI Prudential Debt Management Fund(FOF) Direct Plan Growth,BSE,ICICI Prudential Debt Managemen,ICICI Prudential Debt Management Fund(FOF) Direct Plan Growth,Asia/Kolkata,IST,False,19800000,MUTUALFUND,0P0000XWA0.BO,in_market,0.39330003,,1,1356998400,0.0023,96684816.0,0,2,5,0.0197,1,ICICI Prudential Asset Mgmt.Company Limited,"3rd Floor, Hallmark Business Plaza,","Sant Dyaneshwar Marg,","The primary objective of the Scheme is to generate capital appreciation primarily from a portfolio of debt oriented schemes accessed through the diversified investment styles of underlying schemes. However, there can be no assurance or guarantee that the investment objective of the Scheme would be achieved",[],35.9224,35.493797,0.0,35.9224,35.89788,0.0,INR,0.0,35.2009,31.8679,False,35.9222
ICICI Prudential Nifty Next 50 Index Fund Direct Plan Growth,BSE,ICICI Prudential Nifty Next 50 ,ICICI Prudential Nifty Next 50 Index Fund Direct Plan Growth,Asia/Kolkata,IST,True,19800000,MUTUALFUND,0P0000XUYS.BO,in_market,0.6257,,5,1356998400,0.0043,,0,2,5,0.1425,1,ICICI Prudential Asset Mgmt.Company Limited,"3rd Floor, Hallmark Business Plaza,","Sant Dyaneshwar Marg,","The investment objective of the Scheme is to invest in companies whose securities are included in Nifty Next 50 Index (the Index) and to endeavor to achieve the returns of the above index as closely as possible, though subject to tracking error. The Scheme will not seek to outperform the Nifty Next 50. The objective is that the performance of the NAV of the Scheme should closely track the performance of the Nifty Next 50 over the same period subject to tracking error. However, there is no assurance that the investment objective of the Scheme will be realized.",[],35.3974,32.538548,0.0,35.3974,35.303932,0.0,INR,0.0,31.9394,16.9518,False,35.1115
ICICI Prudential Ultra Short Term Fund Direct Plan Growth,BSE,ICICI Prudential Ultra Short Te,ICICI Prudential Ultra Short Term Fund Direct Plan Growth,Asia/Kolkata,IST,False,19800000,MUTUALFUND,0P0000XWCA.BO,in_market,1.8358,1.27,3,1356998400,0.0046,,0,2,5,0.019,1,ICICI Prudential Asset Mgmt.Company Limited,"3rd Floor, Hallmark Business Plaza,","Sant Dyaneshwar Marg,","To generate income through investments in a range of debt and money market instruments. However, there can be no assurance or guarantee that the investment objective of the Scheme would be achieved.",[],23.1327,22.900026,0.0,23.1327,23.133389,0.0,INR,0.0,22.7287,21.1998,False,23.1362
IDFC Bond Fund - Income Plan - Direct Plan - Growth,BSE,IDFC Bond Fund - Income Plan - ,IDFC Bond Fund - Income Plan - Direct Plan - Growth,Asia/Kolkata,IST,False,19800000,MUTUALFUND,0P0000XV19.BO,in_market,8.3384,1.07,3,1356998400,0.0109,627652992.0,0,2,5,-0.0125,1,IDFC Asset Management Company Limited,"OneIndiaBulls Centre, 841, Jupiter Mills Compound,","Senapati Bapat Marg,",The scheme seeks to invest in a diversified set of debt and money market securities with the aim of generating optimal returns over medium to long term such that the Macaulay duration of the portfolio is between 4 years and 7 years.,[],56.5603,56.68521,0.0,56.5603,57.144978,0.0,INR,0.0,57.4496,51.4695,False,56.5463
IDFC Dynamic Bond Fund - Direct Plan - Growth,BSE,IDFC Dynamic Bond Fund - Direct,IDFC Dynamic Bond Fund - Direct Plan - Growth,Asia/Kolkata,IST,False,19800000,MUTUALFUND,0P0000XV0G.BO,in_market,13.0925,1.05,3,1356998400,0.0083,,0,2,5,0.0033000002,1,IDFC Asset Management Company Limited,"OneIndiaBulls Centre, 841, Jupiter Mills Compound,","Senapati Bapat Marg,",To generate optimal returns by active management of the portfolio by investing in debt and money market instruments across maturities.,[],29.3443,29.078114,0.0,29.3443,29.356106,0.0,INR,0.0,29.4094,26.1228,False,29.3458
IDFC Government Securities Fund - Investment Plan - Direct Plan - Growth,BSE,IDFC Government Securities Fund,IDFC Government Securities Fund - Investment Plan - Direct Plan - Growth,Asia/Kolkata,IST,False,19800000,MUTUALFUND,0P0000XV0J.BO,in_market,12.528299,1.4,3,1356998400,0.0045,,0,2,5,0.0034,1,IDFC Asset Management Company Limited,"OneIndiaBulls Centre, 841, Jupiter Mills Compound,","Senapati Bapat Marg,",The scheme seeks to generate optimal returns with high liquidity by investing in Government Securities across maturities.,[],29.4443,29.181585,0.0,29.4443,29.459627,0.0,INR,0.0,29.5209,26.1089,False,29.4462
IDFC Tax Advantage (ELSS) Fund - Direct Plan - Growth,BSE,IDFC Tax Advantage (ELSS) Fund ,IDFC Tax Advantage (ELSS) Fund - Direct Plan - Growth,Asia/Kolkata,IST,True,19800000,MUTUALFUND,0P0000XV1I.BO,in_market,0.45880002,1.05,4,1356998400,0.0093,,0,2,4,0.1915,1,IDFC Asset Management Company Limited,"OneIndiaBulls Centre, 841, Jupiter Mills Compound,","Senapati Bapat Marg,",The investment objective of the Scheme is to seek to generate long term capital growth from a diversified portfolio of predominantly equity and equity related securities. There can be no assurance that the investment objective of the scheme will be realised.,[],60.99,84.474,0.0,60.99,93.665,0.0,INR,0.0,77.0,37.27,False,62.23
IIFL Focused Equity Fund Direct Growth,BSE,IIFL Focused Equity Fund Direct,IIFL Focused Equity Fund Direct Growth,Asia/Kolkata,IST,True,19800000,MUTUALFUND,0P00014KAU.BO,in_market,10.893499,1.04,4,1414627200,0.0087,,0,2,4,0.1126,1,India Infoline Asset Management Co. Ltd.,"IIFL Centre, 3rd Floor Annex, Kamala City,","Senapati Bapat Marg, Lower Parel,","The investment objective of the scheme is to generate long term capital appreciation for investors from a portfolio of equity and equity related securities. However, there can be no assurance or guarantee that the investment objective of the Scheme would be achieved.",[],28.2796,26.544634,0.0,28.2796,28.428024,0.0,INR,0.0,26.8995,13.3083,False,28.1111
Invesco India Contra Fund - Direct Plan - Growth,BSE,Invesco India Contra Fund Direc,Invesco India Contra Fund - Direct Plan - Growth,Asia/Kolkata,IST,True,19800000,MUTUALFUND,0P0000XVGR.BO,in_market,1.1578,1.02,4,1356998400,0.0296,645382016.0,0,2,5,0.14109999,1,Religare Invesco Asset Management Company Private Limited,"3rd Floor, GYS Infinity,","Paranjpe &#39;B&#39; Scheme, Subhash Road,",To generate capital appreciation by investing predominantly in Equity and Equity Related Instruments through contrarian investing.,[],77.14,72.43074,0.0,77.14,77.764114,0.0,INR,0.0,73.2,36.14,False,76.97
Invesco India Infrastructure Fund - Direct Pan - Growth Option,BSE,Invesco India Infrastructure Fu,Invesco India Infrastructure Fund - Direct Pan - Growth Option,Asia/Kolkata,IST,True,19800000,MUTUALFUND,0P0000XVH6.BO,in_market,0.3732,1.09,1,1356998400,0.0306,1181202944.0,0,2,4,0.2594,1,Religare Invesco Asset Management Company Private Limited,"3rd Floor, GYS Infinity,","Paranjpe &#39;B&#39; Scheme, Subhash Road,",To generate capital appreciation by investing in a portfolio that is predominantly constituted of Equity and Equity Related Instruments of infrastructure companies.,[],29.75,26.97489,0.0,29.75,30.330294,0.0,INR,0.0,26.21,13.78,False,29.73
Kotak Bond Short Term Plan - Growth - Direct,BSE,Kotak Bond Short Term Plan Dire,Kotak Bond Short Term Plan - Growth - Direct,Asia/Kolkata,IST,False,19800000,MUTUALFUND,0P0000XV5M.BO,in_market,3.3042998,1.01,3,1356998400,0.0083,4340717056.0,0,2,5,0.0128999995,1,Kotak Mahindra Asset Management Company Limited(KMAMCL),"36-38A, Nariman Bhavan,","227, Nariman Point,","The investment objective of the Scheme is to provide reasonable
returns and reasonably high levels of liquidity by investing in
debt instruments such as bonds, debentures and Government
securities; and money market instruments such as treasury bills,
commercial papers, certificates of deposit, including repos in
permitted securities of different maturities, so as to spread the
risk across different kinds of issuers in the debt markets.
There is no assurance that the investment objective of the
Scheme will be realised.",[],44.1443,43.646152,0.0,44.1443,44.12749,0.0,INR,0.0,43.5567,39.2203,False,44.1346
Kotak Credit Risk FundGrowthDirect,BSE,Kotak Credit Risk Fund Direct G,Kotak Credit Risk FundGrowthDirect,Asia/Kolkata,IST,False,19800000,MUTUALFUND,0P0000XV6D.BO,in_market,1.4784,0.89,1,1356998400,0.0,,0,2,5,0.026700001,1,Kotak Mahindra Asset Management Company Limited(KMAMCL),"36-38A, Nariman Bhavan,","227, Nariman Point,","The investment objective of the scheme is to generate income
by investing in debt /and money market securities across the
yield curve and predominantly in AA rated and below corporate
securities. The scheme would also seek to maintain reasonable
liquidity within the fund.
There is no assurance that the investment objective of the
Schemes will be realised.",[],25.7459,25.308647,0.0,25.7459,25.729553,0.0,INR,0.0,25.0342,22.8117,False,25.7521
Kotak Debt Hybrid Direct Growth,BSE,Kotak Debt Hybrid Direct Growth,Kotak Debt Hybrid Direct Growth,Asia/Kolkata,IST,False,19800000,MUTUALFUND,0P0000XZRU.BO,in_market,5.3708,1.15,4,1359504000,0.0,783977088.0,0,2,5,0.061300002,1,Kotak Mahindra Asset Management Company Limited(KMAMCL),"36-38A, Nariman Bhavan,","227, Nariman Point,","The investment objective of the Scheme is to enhance returns
over a portfolio of debt instruments with a moderate exposure
in equity and equity related instruments. By investing in debt
securities, the Scheme will aim at generating regular returns,
while enhancement of return is intended through investing in
equity and equity related securities. The Scheme may also use
various derivative and hedging products from time to time, in
the manner permitted by SEBI.
There is no assurance that the investment objective of the
Schemes will be realised.",[],44.0293,42.68107,0.0,44.0293,44.082016,0.0,INR,0.0,42.2931,32.1674,False,43.9847
Kotak Emerging Equity Scheme Direct Growth,BSE,Kotak Emerging Equity Scheme Di,Kotak Emerging Equity Scheme Direct Growth,Asia/Kolkata,IST,True,19800000,MUTUALFUND,0P0000XV5R.BO,in_market,0.2712,0.86,3,1356998400,0.0,2091954048.0,0,2,5,0.19950001,1,Kotak Mahindra Asset Management Company Limited(KMAMCL),"36-38A, Nariman Bhavan,","227, Nariman Point,","The investment objective of the scheme is to generate long-term capital appreciation from a portfolio of equity and equity related securities, by investing predominantly in mid companies. The scheme may also invest in debt and money market instruments, as per the asset allocation table. There is no assurance that the investment objective of the scheme will be achieved.",[],46.88,114.51434,0.0,46.88,271.72278,0.0,INR,0.0,57.515,30.479,False,47.48
L&amp;T Low Duration Fund Direct Plan Growth Option,BSE,L&T Low Duration Fund Direct Pl,L&amp;T Low Duration Fund Direct Plan Growth Option,Asia/Kolkata,IST,False,19800000,MUTUALFUND,0P0000XV8D.BO,in_market,1.595,1.98,3,1356998400,0.0054,,0,2,5,0.0171,1,FIL Fund Management Private Limited,"6th Floor, Mafatlal Centre,","Nariman Point,",To generate reasonable returns primarily through investments in fixed income securities and money market instruments. There is no assurance that the objective of the Scheme will be realised and the Scheme does not assure or guarantee any returns.,[],23.1157,22.905382,0.0,23.1157,23.121933,0.0,INR,0.0,22.7275,21.0046,False,23.1175
L&amp;T Money Market Fund Direct Plan Growth Option,BSE,L&T Money Market Fund Direct Pl,L&amp;T Money Market Fund Direct Plan Growth Option,Asia/Kolkata,IST,False,19800000,MUTUALFUND,0P0000XV70.BO,in_market,5.1878996,0.37,4,1356998400,0.0027,3930120960.0,0,2,5,0.0124,1,L&T Investment Management Limited,"6th Floor, Mafatlal Centre,",Nariman Point,To generate regular income through investment in a portfolio comprising substantially of money market instruments.,[],21.6141,21.472527,0.0,21.6141,21.6162,0.0,INR,0.0,21.37,20.1286,False,21.6156
L&amp;T Triple Ace Bond Fund Direct Plan Growth Plan,BSE,L&T Triple Ace Bond Fund Direct,L&amp;T Triple Ace Bond Fund Direct Plan Growth Plan,Asia/Kolkata,IST,False,19800000,MUTUALFUND,0P0000XV8J.BO,in_market,1.3566,2.45,4,1356998400,0.0036000002,100556000.0,0,2,4,0.0109,1,L&T Investment Management Limited,"6th Floor, Mafatlal Centre,",Nariman Point,To generate regular return by investing predominantly in AA+ and above rated debt and money market instruments.,[],60.7184,59.939144,0.0,60.7184,60.69455,0.0,INR,0.0,60.1723,52.8103,False,60.7198
Mahindra Dhan Sanchay Equity Savings Yojana Direct Plan Growth,BSE,Mahindra Manulife Equity Saving,Mahindra Dhan Sanchay Equity Savings Yojana Direct Plan Growth,Asia/Kolkata,IST,True,19800000,MUTUALFUND,0P00019J57.BO,in_market,3.0093,,0,1485907200,0.0072000003,,0,2,0,0.0712,1,"1st Floor, Sadhana House, Behind Mahindra Tower","570 P. B. Marg, Worli, Mumbai 400018",,"The Scheme seeks to generate long term capital appreciation and also income through investments in equity and equity related instruments, arbitrage opportunities and investments in debt and money market instruments. However, there can be no assurance that the investment objective of the Scheme will be achieved. The Scheme does not assure or guarantee any returns.",[],15.8404,15.201882,,15.8404,15.833682,,INR,,,,False,15.8075
Mirae Asset Emerging Bluechip Fund - Direct Plan - Growth,BSE,Mirae Asset Emerging Bluechip F,Mirae Asset Emerging Bluechip Fund - Direct Plan - Growth,Asia/Kolkata,IST,True,19800000,MUTUALFUND,0P0000XV9V.BO,in_market,0.77129996,1.02,4,1356998400,0.0,,0,2,5,0.19709998,1,"Unit No.606, Windsor Building Off.","C.S.T Road, Kalina Santacruz E",,"The investment objective of the scheme is to generate income and capital appreciation from a portfolio primarily investing in Indian equities and equity related securities of large cap and mid cap companies at the time of investment. From time to time, the fund manager may also seek participation in other Indian equity and equity related securities to achieve optimal Portfolio construction. The Scheme does not guarantee or assure any returns.",[],93.475,86.70535,0.0,93.475,94.32041,0.0,INR,0.0,86.504,40.214,False,93.318
Mirae Asset Large Cap Fund Direct Plan Growth,BSE,Mirae Asset Large Cap Fund Dire,Mirae Asset Large Cap Fund Direct Plan Growth,Asia/Kolkata,IST,True,19800000,MUTUALFUND,0P0000XVA0.BO,in_market,0.518,0.96,4,1356998400,0.0,,0,2,5,0.1089,1,"Unit No.606, Windsor Building Off.","C.S.T Road, Kalina Santacruz E",,The investment objective of the scheme is to generate long term capital appreciation by capitalizing on potential investment opportunities by predominantly investing in equities of large cap companies. The Scheme does not guarantee or assure any returns.,[],76.535,72.17426,0.0,76.535,76.725204,0.0,INR,0.0,73.483,36.768,False,76.317
Mirae Asset Tax Saver Fund -Direct Plan-Growth,BSE,Mirae Asset Tax Saver Fund -Dir,Mirae Asset Tax Saver Fund -Direct Plan-Growth,Asia/Kolkata,IST,True,19800000,MUTUALFUND,0P00017844.BO,in_market,0.59,0.98,3,1451260800,0.0,,0,2,5,0.17549999,1,Mirae Asset Global Investments (India) Pvt. Ltd.,"Unit 606, 6th Floor,","Windsor, Off CST Road, Kalina,",The investment objective of the scheme is to generate long term capital appreciation from a diversified portfolio of predominantly equity and equity related instruments. The Scheme does not guarantee or assure any returns.,[],30.2,88.75456,0.0,30.2,30.31203,0.0,INR,0.0,28.132,12.915,False,30.105
Nippon India Balanced Advantage Fund - Direct Plan - Growth Plan,BSE,Nippon India Balanced Advantage,Nippon India Balanced Advantage Fund - Direct Plan - Growth Plan,Asia/Kolkata,IST,True,19800000,MUTUALFUND,0P0000XVFJ.BO,in_market,4.22,,5,1356998400,0.0121,1483795968.0,0,2,4,0.0853,1,Reliance Capital Asset Management Ltd.,"One India Bulls Centre - Tower One,","11th & 12th floor, Jupiter Mills Compound,","The investment objective of the scheme is to capitalize on the potential upside in equity markets while attempting to limit the downside by dynamically managing the portfolio through investment in equity & equity related instruments and active use of debt, money market instruments and derivatives. There is no assurance or guarantee that the investment objective of the scheme will be achieved.",[],123.937,118.39374,0.0,123.937,124.13221,0.0,INR,0.0,116.801,79.4583,False,123.668
Nippon India Gilt Securities Fund- Direct Plan- Growth Plan- Bonus Option,BSE,Nippon India Gilt Securities Fu,Nippon India Gilt Securities Fund- Direct Plan- Growth Plan- Bonus Option,Asia/Kolkata,IST,False,19800000,MUTUALFUND,0P000153GC.BO,in_market,6.2834,1.4,3,1418342400,0.0068,,0,2,5,0.0057,1,Reliance Capital Asset Management Ltd.,"One India Bulls Centre - Tower One,","11th & 12th floor, Jupiter Mills Compound,",The primary investment objective of the scheme is to generate optimal credit risk-free returns by investing in a portfolio of securities issued and guaranteed by the Central Government and State Government.,[],18.4786,18.328636,0.0,18.4786,18.48949,0.0,INR,0.0,18.476,16.6955,False,18.4747
Nippon India Large Cap Fund - Direct Plan - Growth Plan,BSE,Nippon India Large Cap Fund - D,Nippon India Large Cap Fund - Direct Plan - Growth Plan,Asia/Kolkata,IST,True,19800000,MUTUALFUND,0P0000XVG6.BO,in_market,0.73910004,1.06,5,1356998400,0.0126,22226911232.0,0,2,4,0.14729999,1,Reliance Capital Asset Management Ltd.,"One India Bulls Centre - Tower One,","11th & 12th floor, Jupiter Mills Compound,","The primary investment objective of the scheme is to seek to generate long term capital appreciation by investing predominantly into equity and equity related instruments of large cap companies. The secondary objective is to generate consistent returns by investing in debt, money market securities, REITs and InvITs. However, there can be no assurance that the investment objective of the Scheme will be realized.",[],47.559,44.59936,0.0,47.559,47.650738,0.0,INR,0.0,45.1394,23.4673,False,47.2607
Nippon India Money Market Fund Direct Plan Growth Option,BSE,Nippon India Money Market Fund ,Nippon India Money Market Fund Direct Plan Growth Option,Asia/Kolkata,IST,False,19800000,MUTUALFUND,0P0000XVEU.BO,in_market,8.5719,1.22,2,1356998400,0.0015,143911944192.0,0,2,5,0.0156,1,Reliance Capital Asset Management Ltd.,"One India Bulls Centre - Tower One,","11th & 12th floor, Jupiter Mills Compound,",The investment objective of the Scheme is to generate optimal returns consistent with moderate levels of risk and liquidity by investing in money market instruments.,[],3248.02,3222.2236,0.0,3248.02,3248.6218,0.0,INR,0.0,3202.68,3017.71,False,3248.25
Nippon India Short Term Fund - Direct Plan - Growth Plan,BSE,Nippon India Short Term Fund - ,Nippon India Short Term Fund - Direct Plan - Growth Plan,Asia/Kolkata,IST,False,19800000,MUTUALFUND,0P0000XVFU.BO,in_market,3.0451002,1.15,3,1356998400,0.0042,10272984064.0,0,2,5,0.0222,1,Reliance Capital Asset Management Ltd.,"One India Bulls Centre - Tower One,","11th & 12th floor, Jupiter Mills Compound,",The primary investment objective of the scheme is to generate stable returns for investors with a short term investment horizon by investing in debt and money market instruments.,[],43.8079,43.185154,0.0,43.8079,43.81591,0.0,INR,0.0,42.8485,38.8124,False,43.8035
Parag Parikh Long Term Equity Direct Growth,BSE,Parag Parikh Flexi Cap Direct G,Parag Parikh Long Term Equity Direct Growth,Asia/Kolkata,IST,True,19800000,MUTUALFUND,0P0000YWL1.BO,in_market,0.1382,0.56,1,1369353600,0.019199999,,0,2,5,0.1748,1,PPFAS Asset Management Pvt. Ltd.,"Great Western Building, 1st Floor,","130/132, S.B.S. Marg, Opp. Lion Gate,",The investment objective of the scheme is to seek to generate long-term capital growth from an actively managed portfolio primarily of equity and equity related securities.,[],44.404,41.322163,0.0,44.404,45.02663,0.0,INR,0.0,40.2947,20.1555,False,44.5368
PGIM India Midcap Opportunities Fund Direct Growth,BSE,PGIM India Midcap Opportunities,PGIM India Midcap Opportunities Fund Direct Growth,Asia/Kolkata,IST,True,19800000,MUTUALFUND,0P00011MAT.BO,in_market,3.1883,0.92,3,1385942400,0.0166,,0,2,2,0.28280002,1,DHFL Pramerica Asset Managers Private Limited,"Nirlon House, 2nd Floor,","Dr. Annie Besant Road,",The primary objective of the Scheme is to achieve long-term capital appreciation by predominantly investing in equity & equity related instruments of mid cap companies.,[],39.44,35.204224,0.0,39.44,39.69294,0.0,INR,0.0,33.75,13.98,False,39.36
Principal Equity Savings - Direct Plan - Growth Option,BSE,Principal Equity Savings - Dire,Principal Equity Savings - Direct Plan - Growth Option,Asia/Kolkata,IST,True,19800000,MUTUALFUND,0P0000XVC6.BO,in_market,17.5226,,2,1356998400,0.012,878492032.0,0,2,3,0.0738,1,Principal Pnb Asset Management Co. Pvt. Ltd.,"Exchange Plaza, Ground Floor, B Wing,","NSE Building, Bandra Kurla Complex,","To provide capital appreciation and income distribution to the investors by using equity and equity related instruments, arbitrage opportunities, and investments in debt and money market instruments. However, there can be no assurance that the investment objective of the Scheme will be realized or that income will be generated and the scheme does not assure or guarantee any returns.",[],50.0568,48.206467,0.0,50.0568,50.22788,0.0,INR,0.0,48.2931,34.2153,False,50.0968
Quant Absolute Fund Growth Option Direct Plan,BSE,Quant Absolute Fund Growth Opti,Quant Absolute Fund Growth Option Direct Plan,Asia/Kolkata,IST,True,19800000,MUTUALFUND,0P0000XW4A.BO,in_market,0.3183,1.82,2,1356998400,0.02,35260000.0,0,2,3,0.16059999,1,"6th Floor, Sea Breeze Building, A. M. Road, Prabhadevi Mumbai 400025",,,The investments objective of the scheme is to generate income / capital appreciation by investing primarily in equity and equity related instruments with a moderate exposure to debt securities & money market instruments.,[],171.536,226.41882,0.0,171.536,254.68541,0.0,INR,0.0,209.09,105.419,False,171.736
Quant Active Fund Growth Option Direct Plan,BSE,Quant Active Fund Growth Option,Quant Active Fund Growth Option Direct Plan,Asia/Kolkata,IST,True,19800000,MUTUALFUND,0P0000XW4E.BO,in_market,0.4647,0.86,3,1356998400,0.0342,45448000.0,0,2,4,0.32740003,1,"6th Floor, Sea Breeze Building, A. M. Road, Prabhadevi Mumbai 400025",,,"The primary investment objective of the scheme is to seek to generate capital appreciation & provide long term growth opportunities by investing in a portfolio of Large Cap, Mid Cap and Small Cap companies. There is no assurance that the investment objective of the Scheme will be realized.",[],368.612,326.2321,0.0,368.612,372.95078,0.0,INR,0.0,291.136,125.973,False,368.529
Quant Tax Plan Growth Option Direct Plan,BSE,Quant Tax Plan Growth Option Di,Quant Tax Plan Growth Option Direct Plan,Asia/Kolkata,IST,True,19800000,MUTUALFUND,0P0000XW51.BO,in_market,0.4105,0.94,4,1356998400,0.0639,43791000.0,0,2,4,0.3607,1,"6th Floor, Sea Breeze Building, A. M. Road, Prabhadevi Mumbai 400025",,,The investment objective of the Scheme is to generate Capital Appreciation by investing predominantly in a well diversified portfolio of Equity Shares with growth potential. This income may be complemented by possible dividend and other income.,[],205.187,176.57713,0.0,205.187,205.6242,0.0,INR,0.0,157.329,64.1197,False,204.58
SBI Banking &amp; Financial Services Direct Growth,BSE,SBI Banking & Financial Service,SBI Banking &amp; Financial Services Direct Growth,Asia/Kolkata,IST,True,19800000,MUTUALFUND,0P00015HLN.BO,in_market,1.5830001,0.86,3,1424908800,0.0152,,0,2,5,0.1157,1,SBI Funds Management Private Limited,"9th Floor, Crescenzo,","C-38 & 39, G Block, Bandra Kurla Complex,","The investment objective of the scheme is to generate long-term capital appreciation to unit holders from a portfolio that is invested predominantly in equity and equity related securities of companies engaged in banking and financial services. However, there can be no assurance that the investment objective of the Scheme will be realized.",[],25.2079,24.341774,0.0,25.2079,25.500853,0.0,INR,0.0,26.1787,12.2119,False,25.066
SBI Magnum Children&apos;s Benefit Fund Direct Growth,BSE,SBI Magnum Children's Benefit F,SBI Magnum Children&apos;s Benefit Fund Direct Growth,Asia/Kolkata,IST,False,19800000,MUTUALFUND,0P0000XVJN.BO,in_market,2.0786,,5,1356998400,0.014199999,201996000.0,0,2,5,0.0557,1,SBI Funds Management Private Limited,"9th Floor, Crescenzo,","C-38 & 39, G Block, Bandra Kurla Complex,",To provide the investors an opportunity to earn regular income predominantly through investment in debt and money market instruments and capital appreciation through an actively managed equity portfolio.,[],74.1773,71.60182,0.0,74.1773,74.74,0.0,INR,0.0,70.3133,53.5202,False,74.1582
SBI Magnum Constant Maturity Fund Direct Growth,BSE,SBI Magnum Constant Maturity Fu,SBI Magnum Constant Maturity Fund Direct Growth,Asia/Kolkata,IST,False,19800000,MUTUALFUND,0P0000XVK3.BO,in_market,2.3442,0.44,2,1356998400,0.0039,1222631040.0,0,2,5,0.0036000002,1,SBI Funds Management Private Limited,"9th Floor, Crescenzo,","C-38 & 39, G Block, Bandra Kurla Complex,",To provide returns to the investors generated through investments predominantly in Government securities issued by the Central Government and/or State Government such that the Average Maturity of the portfolio is around 10 years.,[],51.2195,50.8006,0.0,51.2195,51.226696,0.0,INR,0.0,51.3822,46.4342,False,51.2291
SBI Magnum Income Fund Direct Growth,BSE,SBI Magnum Income Fund Direct G,SBI Magnum Income Fund Direct Growth,Asia/Kolkata,IST,False,19800000,MUTUALFUND,0P0000XVK8.BO,in_market,2.1442,0.75,1,1356998400,0.0072000003,656998016.0,0,2,5,0.012999999,1,SBI Funds Management Private Limited,"9th Floor, Crescenzo,","C-38 & 39, G Block, Bandra Kurla Complex,","To provide investors an opportunity to generate regular income through investments in debt and money market instruments such that the Macaulay duration of the portfolio is between 4 years and 7 years. However, there is no guarantee or assurance that the investment objective of the scheme will be achieved. The scheme doesnât assure or guarantee any returns.",[],58.3903,57.67004,0.0,58.3903,58.388863,0.0,INR,0.0,57.5306,51.1984,False,58.3947
SBI Magnum Low Duration Fund Direct Plan Growth,BSE,SBI Magnum Low Duration Fund Di,SBI Magnum Low Duration Fund Direct Plan Growth,Asia/Kolkata,IST,False,19800000,MUTUALFUND,0P0000XVLN.BO,in_market,2.7629,1.46,2,1356998400,0.0038,34323283968.0,0,2,5,0.0139999995,1,SBI Funds Management Private Limited,"9th Floor, Crescenzo,","C-38 & 39, G Block, Bandra Kurla Complex,","To provide investors an opportunity to generate regular income with reasonable degree of liquidity through investments in debt and money market instruments in
such a manner that the Macaulay duration of the portfolio is between 6 months and 12 months.",[],2822.47,2800.0046,0.0,2822.47,2822.9941,0.0,INR,0.0,2783.16,2587.84,False,2823.01
SBI Magnum Medium Duration Fund Direct Growth,BSE,SBI Magnum Medium Duration Fund,SBI Magnum Medium Duration Fund Direct Growth,Asia/Kolkata,IST,False,19800000,MUTUALFUND,0P0000XVLH.BO,in_market,2.579,1.18,3,1359417600,0.0058999998,59418000.0,0,2,5,0.012200001,1,SBI Funds Management Private Limited,"9th Floor, Crescenzo,","C-38 & 39, G Block, Bandra Kurla Complex,","To provide investors an opportunity to generate attractive returns with moderate degree of liquidity through investments in debt and money market instruments such that the Macaulay duration of the portfolio is between 3 years - 4 years.
However, there is no guarantee or assurance that the investment objective of the scheme will be achieved. The scheme doesnât assure or guarantee any returns.",[],42.2423,41.715042,0.0,42.2423,42.24048,0.0,INR,0.0,41.65,36.9342,False,42.2429
SBI Multi Asset Allocation Fund Direct Plan Growth,BSE,SBI Multi Asset Allocation Fund,SBI Multi Asset Allocation Fund Direct Plan Growth,Asia/Kolkata,IST,False,19800000,MUTUALFUND,0P0000XVKT.BO,in_market,2.0718,,1,1363651200,0.0104,137483008.0,0,2,5,0.063200004,1,SBI Funds Management Private Limited,"9th Floor, Crescenzo,","C-38 & 39, G Block, Bandra Kurla Complex,",To provide the investors an opportunity to invest in an actively managed portfolio of multiple asset classes.,[],37.7409,36.234497,0.0,37.7409,37.91821,0.0,INR,0.0,35.9567,25.742,False,37.6691
SBI Short Term Debt Fund Direct Growth,BSE,SBI Short Term Debt Fund Direct,SBI Short Term Debt Fund Direct Growth,Asia/Kolkata,IST,False,19800000,MUTUALFUND,0P0000XVLL.BO,in_market,2.2842,1.05,3,1356998400,0.0034,32307000.0,0,2,5,0.0092,1,SBI Funds Management Private Limited,"9th Floor, Crescenzo,","C-38 & 39, G Block, Bandra Kurla Complex,",To provide investors an opportunity to generate regular income through investments in a portfolio comprising predominantly of debt instruments which are rated not below investment grade and money market instruments such that the Macaulay duration of the portfolio is between 1 year and 3 years.,[],26.3711,26.143484,0.0,26.3711,26.382444,0.0,INR,0.0,26.1346,23.6177,False,26.3702
SBI Small Cap Fund Direct Plan Growth,BSE,SBI Small Cap Fund Direct Plan ,SBI Small Cap Fund Direct Plan Growth,Asia/Kolkata,IST,True,19800000,MUTUALFUND,0P0000XW1B.BO,in_market,0.3085,0.89,4,1356998400,0.013300001,,0,2,5,0.2458,1,"5th Floor, Harchandrai House","81,Maharshi Karve Road,","Marine Lines,",To provide investors with opportunities for long-term growth in capital along with the liquidity of an open-ended scheme by investing predominantly in a well diversified basket of equity stocks of small cap companies.,[],99.366,90.0882,0.0,99.366,100.6134,0.0,INR,0.0,85.0276,41.26,False,99.71
Tata Retirement Savings Conservative Fund Direct Plan Growth,BSE,Tata Retirement Savings Conserv,Tata Retirement Savings Conservative Fund Direct Plan Growth,Asia/Kolkata,IST,False,19800000,MUTUALFUND,0P0000XVPE.BO,in_market,0.3463,,4,1356998400,0.0111,,0,2,5,0.0128999995,1,Tata Asset Management Limited,"Mafatlal Centre, 9th Floor,","Nariman Point,","To provide a financial planning tool for long term financial security for investors based on their retirement planning goals. However, there can be no assurance
that the investment objective of the fund will be realized, as actual market movements may be at variance with anticipated trends.",[],24.8293,26.309235,0.0,24.8293,26.916739,0.0,INR,0.0,26.1459,20.8225,False,24.9962
Tata Retirement Savings Moderate Fund Direct Plan Growth,BSE,Tata Retirement Savings Moderat,Tata Retirement Savings Moderate Fund Direct Plan Growth,Asia/Kolkata,IST,True,19800000,MUTUALFUND,0P0000XVPF.BO,in_market,0.4312,,5,1356998400,0.0,,0,2,5,0.0675,1,Tata Asset Management Limited,"Mafatlal Centre, 9th Floor,","Nariman Point,","To provide a financial planning tool for long term financial security for investors based on their retirement planning goals. However, there can be no assurance
that the investment objective of the fund will be realized, as actual market movements may be at variance with anticipated trends.",[],44.9844,42.61212,0.0,44.9844,44.881607,0.0,INR,0.0,42.7372,25.1434,False,44.827
UTI Equity Fund - Growth Option - Direct,BSE,UTI Flexi Cap Fund - Growth Opt,UTI Equity Fund - Growth Option - Direct,Asia/Kolkata,IST,True,19800000,MUTUALFUND,0P0000XVSO.BO,in_market,0.0921,0.91,2,1356998400,0.017,16449469440.0,0,2,4,0.1094,1,UTI Asset Management Company Ltd,"UTI Towers, Gn Block,","Bandra Kurla Complex,","The primary objective of the scheme is to generate long term capital appreciation by investing predominantly in equity and equity related securities of companies across the market capitalization spectrum. However, there can be no assurance or guarantee that the investment objective of the scheme would be achieved.",[],238.616,224.18755,0.0,238.616,239.75838,0.0,INR,0.0,224.731,110.411,False,238.028
